Bairro,Região,Qtd Seções,Eleitores Aptos,22 - PL,13 - PT,70 - AVANTE,55 - PSD,14 - MISSÃO,30 - NOVO,27 - DC,80 - UP,16 - PSTU,21 - PCB,35 - DEMOCRATA,29 - PCO,28 - PRTB,Total Votos Nominais,Brancos (Calculado),Nulos (Calculado),Comparecimento (Calculado),Abstencoes Totais,Abstenções (Calculado),% Comparecimento,% Abstenção,% 22 (PL),% 13 (PT),Vantagem (22 - 13)
ALVORADA,Centro (Oeste),12,4.675,2.040,1.176,97,77,71,9,7,4,0,2,0,0,0,3.483,36,60,3.862,813,"81300,00%",82.61%,17.39%,58.57%,33.76%,864
ARAÉS,Centro (Oeste),26,6.672,3.364,1.568,129,126,145,20,8,7,1,0,0,0,0,5.368,69,99,5.498,1.174,"117400,00%",82.4%,17.6%,62.67%,29.21%,1.796
CENTRO,Centro (Oeste),45,9.210,4.838,1.904,154,156,166,31,33,19,0,0,1,3,0,7.305,67,121,7.610,1.600,"160000,00%",82.63%,17.37%,66.23%,26.06%,2.934
CENTRO SUL,Centro (Oeste),6,1.482,730,326,24,29,30,5,6,4,0,0,0,0,0,1.154,12,18,1.225,257,"25700,00%",82.66%,17.34%,63.26%,28.25%,404
CIDADE ALTA,Centro (Oeste),14,3.945,1.910,1.068,82,57,70,8,7,6,0,1,0,1,0,3.210,27,53,3.259,686,"68600,00%",82.61%,17.39%,59.5%,33.27%,842
CIDADE VERDE,Centro (Oeste),7,2.075,1.001,574,50,43,44,4,5,3,0,0,0,0,0,1.724,14,28,1.714,361,"36100,00%",82.6%,17.4%,58.06%,33.29%,427
COOPHAMIL,Centro (Oeste),12,3.884,2.119,839,102,60,77,8,7,4,1,0,0,0,0,3.217,36,48,3.209,675,"67500,00%",82.62%,17.38%,65.87%,26.08%,1.280
DESPRAIADO,Centro (Oeste),6,1.984,979,485,50,40,47,5,4,4,0,0,0,0,1,1.615,16,26,1.639,345,"34500,00%",82.61%,17.39%,60.62%,30.03%,494
JARDIM CUIABÁ,Centro (Oeste),11,3.888,2.152,705,73,65,95,12,8,4,0,0,1,1,0,3.116,33,55,3.212,676,"67600,00%",82.61%,17.39%,69.06%,22.63%,1.447
JARDIM INDEPENDÊNCIA,Centro (Oeste),15,4.460,2.326,1.067,112,91,69,10,8,2,0,0,0,0,0,3.685,36,59,3.684,776,"77600,00%",82.6%,17.4%,63.12%,28.96%,1.259
JARDIM NOVO COLORADO,Centro (Oeste),8,3.132,1.317,942,82,88,33,1,3,6,2,0,0,0,0,2.474,24,40,2.588,544,"54400,00%",82.63%,17.37%,53.23%,38.08%,375
JARDIM SANTA ISABEL,Centro (Oeste),39,10.843,5.432,2.786,243,165,169,13,22,17,1,2,2,1,0,8.853,88,136,8.956,1.887,"188700,00%",82.6%,17.4%,61.36%,31.47%,2.646
JARDIM SANTA MARTA,Centro (Oeste),13,4.037,2.002,1.064,117,78,73,6,4,4,0,2,1,3,0,3.354,32,54,3.335,702,"70200,00%",82.61%,17.39%,59.69%,31.72%,938
JARDIM UBATÃ,Centro (Oeste),4,547,243,184,12,10,7,0,1,0,0,0,0,0,0,457,4,8,452,95,"9500,00%",82.63%,17.37%,53.17%,40.26%,59
JARDIM UBIRAJARA,Centro (Oeste),3,1.065,462,292,31,20,23,1,2,0,0,1,0,0,0,832,9,15,880,185,"18500,00%",82.63%,17.37%,55.53%,35.1%,170
MIGUEL SUTIL,Centro (Oeste),13,3.947,2.090,805,96,79,84,14,7,4,2,0,0,0,0,3.181,28,53,3.260,687,"68700,00%",82.59%,17.41%,65.7%,25.31%,1.285
NOVO COLORADO,Centro (Oeste),1,48,27,15,2,2,1,0,1,0,0,0,0,0,0,48,0,1,40,8,"800,00%",83.33%,16.67%,56.25%,31.25%,12
NOVO TERCEIRO,Centro (Oeste),10,2.973,1.358,924,90,41,36,2,8,3,2,1,0,0,0,2.465,20,40,2.459,514,"51400,00%",82.71%,17.29%,55.09%,37.48%,434
PORTO,Centro (Oeste),47,9.258,4.666,2.192,228,156,157,26,14,6,1,2,1,0,0,7.449,61,122,7.652,1.606,"160600,00%",82.65%,17.35%,62.64%,29.43%,2.474
QUILOMBO,Centro (Oeste),25,9.851,5.338,1.856,190,186,222,27,10,5,5,1,0,1,0,7.841,75,125,8.140,1.711,"171100,00%",82.63%,17.37%,68.08%,23.67%,3.482
RIBEIRÃO DA PONTE,Centro (Oeste),9,3.283,1.660,824,82,60,59,5,9,3,0,0,2,0,1,2.705,27,45,2.712,571,"57100,00%",82.61%,17.39%,61.37%,30.46%,836
RIBEIRÃO DO LIPA,Centro (Oeste),10,3.727,1.814,912,89,72,57,11,8,3,0,0,0,1,0,2.967,29,48,3.078,649,"64900,00%",82.59%,17.41%,61.14%,30.74%,902
SUCURI,Centro (Oeste),4,1.401,633,399,26,29,16,2,1,0,0,0,0,1,0,1.107,12,20,1.158,243,"24300,00%",82.66%,17.34%,57.18%,36.04%,234
VERDÃO,Centro (Oeste),11,4.299,2.185,901,95,56,94,7,12,1,0,1,0,1,0,3.353,33,55,3.554,745,"74500,00%",82.67%,17.33%,65.17%,26.87%,1.284
ALTOS DA SERRA,Leste,11,4.258,1.589,1.408,69,68,49,12,8,8,1,1,1,1,1,3.216,41,66,3.508,750,"75000,00%",82.39%,17.61%,49.41%,43.78%,181
AREÃO,Leste,7,2.187,1.032,598,55,46,37,2,3,2,0,0,0,0,0,1.775,21,35,1.801,386,"38600,00%",82.35%,17.65%,58.14%,33.69%,434
BANDEIRANTES,Leste,19,2.691,1.263,736,79,52,47,3,7,3,1,0,0,0,0,2.191,19,38,2.215,476,"47600,00%",82.31%,17.69%,57.64%,33.59%,527
BARBADO,Leste,4,827,445,208,13,12,12,0,6,1,0,0,3,0,0,700,8,12,681,146,146,82.35%,17.65%,63.57%,29.71%,237
BAÚ,Leste,8,1.832,899,472,41,38,20,1,5,0,0,0,0,0,0,1.476,16,24,1.510,322,"32200,00%",82.42%,17.58%,60.91%,31.98%,427
BELA VISTA,Leste,41,12.534,5.840,3.410,323,242,233,25,29,15,6,0,1,1,2,10.127,127,201,10.238,2.296,"229600,00%",81.68%,18.32%,57.67%,33.67%,2.430
BOA ESPERANÇA,Leste,43,16.937,8.173,4.031,360,313,425,60,17,24,9,5,1,3,0,13.421,171,258,13.953,2.984,"298400,00%",82.38%,17.62%,60.9%,30.04%,4.142
CAMPO VELHO,Leste,6,1.580,754,437,46,29,24,0,1,0,0,0,0,0,0,1.291,12,24,1.301,279,"27900,00%",82.34%,17.66%,58.4%,33.85%,317
CANJICA,Leste,18,6.843,3.260,1.658,189,129,140,22,9,5,1,1,0,3,1,5.418,71,108,5.589,1.254,"125400,00%",81.67%,18.33%,60.17%,30.6%,1.602
CARUMBÉ,Leste,9,3.220,1.375,1.003,70,48,59,6,2,3,0,1,1,1,0,2.569,34,51,2.631,589,"58900,00%",81.71%,18.29%,53.52%,39.04%,372
DOM AQUINO,Leste,42,12.306,5.305,3.596,271,260,174,24,17,19,2,1,2,2,0,9.673,118,189,10.138,2.168,"216800,00%",82.38%,17.62%,54.84%,37.18%,1.709
DOUTOR FÁBIO,Leste,16,5.756,2.290,1.720,143,93,91,6,4,7,0,1,2,2,1,4.360,48,82,4.742,1.014,"101400,00%",82.38%,17.62%,52.52%,39.45%,570
GRANDE TERCEIRO,Leste,9,3.413,1.607,860,59,46,57,5,3,4,1,0,0,0,0,2.642,27,54,2.813,600,"60000,00%",82.42%,17.58%,60.83%,32.55%,747
ITAMARATI,Leste,8,2.525,1.090,823,75,41,40,3,2,2,0,0,1,0,0,2.077,22,38,2.079,446,"44600,00%",82.34%,17.66%,52.48%,39.62%,267
JARDIM ELDORADO,Leste,7,2.155,910,719,28,36,32,3,2,5,1,0,0,0,0,1.736,21,35,1.774,381,"38100,00%",82.32%,17.68%,52.42%,41.42%,191
JARDIM IMPERIAL,Leste,25,9.741,4.922,2.215,286,199,239,45,20,9,1,0,1,3,1,7.941,94,148,8.024,1.717,"171700,00%",82.37%,17.63%,61.98%,27.89%,2.707
JARDIM LEBLON,Leste,8,2.715,1.135,829,77,63,50,6,7,1,0,0,0,1,0,2.169,24,40,2.236,479,"47900,00%",82.36%,17.64%,52.33%,38.22%,306
JARDIM PAULISTA,Leste,11,3.438,1.653,866,68,46,76,11,4,7,3,0,0,0,0,2.734,33,55,2.832,606,"60600,00%",82.37%,17.63%,60.46%,31.68%,787
JARDIM SHANGRI-LÁ,Leste,7,2.517,1.324,508,69,44,65,8,6,1,2,0,0,1,0,2.028,21,35,2.074,443,"44300,00%",82.4%,17.6%,65.29%,25.05%,816
JARDIM SHANGRI-LÁ 1,Leste,9,1416,866,468,42,22,43,3,4,4,0,1,0,0,0,1453,9,18,1166,250,250,82.34%,17.66%,59.6%,32.21%,398
LIXEIRA,Leste,23,5.849,2.663,1.646,139,133,96,17,6,9,3,1,2,0,0,4.715,59,93,4.820,1.029,"102900,00%",82.41%,17.59%,56.48%,34.91%,1.017
NOVO HORIZONTE,Leste,8,2.067,842,666,39,42,24,11,4,1,0,0,0,0,0,1.629,16,32,1.702,365,"36500,00%",82.34%,17.66%,51.69%,40.88%,176
PEDREGAL,Leste,19,6.014,2.468,1.877,164,123,86,9,8,11,1,1,0,0,1,4.749,59,85,4.955,1.059,"105900,00%",82.39%,17.61%,51.97%,39.52%,591
PICO DO AMOR,Leste,5,1.701,835,439,40,26,24,4,2,1,2,0,0,0,0,1.373,15,25,1.401,300,"30000,00%",82.36%,17.64%,60.82%,31.97%,396
PLANALTO,Leste,18,6.271,2.606,1.971,156,95,104,12,15,10,1,0,0,0,0,4.970,64,94,5.168,1.103,"110300,00%",82.41%,17.59%,52.43%,39.66%,635
POÇÃO,Leste,6,1.830,818,588,58,34,29,2,4,3,0,0,0,0,0,1.536,18,29,1.507,323,"32300,00%",82.35%,17.65%,53.26%,38.28%,230
PRAEIRINHO,Leste,4,1304,461,521,35,21,23,1,0,0,0,0,0,0,0,1062,12,20,1075,229,229,82.44%,17.56%,43.41%,49.06%,-60
PRAEIRO,Leste,7,1.746,834,448,57,47,29,2,2,0,0,0,0,0,2,1.421,14,28,1.437,309,"30900,00%",82.3%,17.7%,58.69%,31.53%,386
RECANTO DOS PÁSSAROS,Leste,13,5.128,2.430,1.309,140,97,116,16,5,6,3,0,0,1,1,4.124,52,78,4.225,903,"90300,00%",82.39%,17.61%,58.92%,31.74%,1.121
RIO DOS PEIXES (ZONA RURAL),Leste,2,570,225,189,16,8,8,0,0,0,0,0,0,0,0,446,6,10,465,105,105,81.58%,18.42%,50.45%,42.38%,36
AGUAÇU,Norte,3,939,389,302,25,24,4,0,0,1,0,0,0,0,0,745,9,12,776,163,163,82.64%,17.36%,52.21%,40.54%,87
ALTOS DA GLÓRIA,Norte,7,2502,907,820,72,40,37,4,2,4,0,0,1,0,1,1888,28,42,2044,458,458,81.69%,18.31%,48.04%,43.43%,87
CENTRO AMÉRICA,Norte,5,1419,659,368,42,23,27,7,1,1,0,0,0,0,0,1128,13,24,1159,260,260,81.68%,18.32%,58.42%,32.62%,291
COXIPÓ DO OURO (ZONA RURAL),Norte,3,761,292,268,19,23,14,0,0,0,0,0,1,0,0,617,8,13,622,139,139,81.73%,18.27%,47.33%,43.44%,24
CPA I - MORADA DA SERRA,Norte,31,10299,4992,2522,215,199,204,14,22,17,1,2,0,3,1,8192,110,162,8411,1888,1888,81.67%,18.33%,60.94%,30.79%,2470
CPA II - MORADA DA SERRA,Norte,18,6873,3333,1838,149,151,144,15,13,4,4,3,0,1,0,5655,72,108,5618,1255,1255,81.74%,18.26%,58.94%,32.5%,1495
CPA III SETOR 03 - MORADA DA SERRA,Norte,12,4525,2076,1173,123,87,87,12,9,10,0,0,1,0,0,3578,48,72,3697,828,828,81.7%,18.3%,58.02%,32.78%,903
CPA III SETOR 04 - MORADA DA SERRA,Norte,4,1315,614,360,38,29,21,2,1,2,0,0,0,0,0,1067,12,20,1074,241,241,81.67%,18.33%,57.54%,33.74%,254
CPA III SETOR 05 - MORADA DA SERRA,Norte,3,1165,525,308,33,20,19,2,2,2,0,0,0,0,0,911,12,18,951,214,214,81.63%,18.37%,57.63%,33.81%,217
CPA IV - MORADA DA SERRA,Norte,5,1472,680,383,41,26,22,3,3,2,1,0,1,0,0,1162,14,24,1202,270,270,81.66%,18.34%,58.52%,32.96%,297
CPA IV 1ª ETAPA - MORADA DA SERRA,Norte,12,4558,2014,1324,109,96,80,5,7,12,1,0,1,0,1,3650,48,72,3723,835,835,81.68%,18.32%,55.18%,36.27%,690
CPA IV 2ª ETAPA - MORADA DA SERRA,Norte,12,4209,2050,1142,97,66,48,8,7,7,2,0,0,0,0,3427,48,72,3439,770,770,81.71%,18.29%,59.82%,33.32%,908
CPA IV 5ª ETAPA - MORADA DA SERRA,Norte,16,6076,2936,1567,180,103,124,5,12,10,2,2,0,1,0,4942,63,95,4966,1110,1110,81.73%,18.27%,59.41%,31.71%,1369
ILZA TEREZINHA PICOLLI PAGOT,Norte,21,6273,2798,1762,135,111,106,8,7,10,0,0,2,1,0,4940,65,108,5125,1148,1148,81.7%,18.3%,56.64%,35.67%,1036
JARDIM AROEIRA,Norte,10,3776,1707,1010,110,68,85,4,4,6,0,0,0,0,1,2995,40,60,3086,690,690,81.73%,18.27%,56.99%,33.72%,697
JARDIM FLORIANÓPOLIS,Norte,13,4892,2050,1409,152,109,75,6,13,7,1,1,0,0,0,3823,52,78,3996,896,896,81.68%,18.32%,53.62%,36.86%,641
JARDIM UNIÃO,Norte,6,2006,711,689,64,40,27,4,2,5,0,1,0,0,1,1544,20,32,1639,367,367,81.7%,18.3%,46.05%,44.62%,22
JARDIM VITÓRIA,Norte,22,8397,3171,2623,230,149,128,12,18,14,3,3,3,0,1,6355,88,132,6861,1536,1536,81.71%,18.29%,49.9%,41.27%,548
MORADA DA SERRA,Norte,1,90,21,25,1,0,1,0,0,0,0,0,0,0,0,48,1,1,74,16,16,82.22%,17.78%,43.75%,52.08%,-4
MORADA DO OURO,Norte,12,4481,2224,1044,121,99,111,11,9,6,0,0,0,1,0,3626,47,70,3660,821,821,81.68%,18.32%,61.33%,28.79%,1180
NOSSA SENHORA DA GUIA (DISTRITO),Norte,10,3211,1281,1076,58,59,23,3,5,3,1,0,0,0,0,2509,30,40,2654,557,557,82.65%,17.35%,51.06%,42.89%,205
NOVA MATO GROSSO,Norte,4,1099,498,341,17,19,21,0,0,1,0,0,0,0,0,897,12,19,897,202,202,81.62%,18.38%,55.52%,38.02%,157
NOVO PARAÍSO,Norte,12,4375,1636,1385,91,70,57,4,12,2,1,0,0,0,0,3258,48,72,3574,801,801,81.69%,18.31%,50.21%,42.51%,251
OURO FINO,Norte,3,845,385,238,17,17,14,2,1,2,0,0,0,2,0,678,9,14,691,154,154,81.78%,18.22%,56.78%,35.1%,147
PRIMEIRO DE MARÇO,Norte,13,4697,1937,1467,132,98,66,2,11,2,2,0,0,0,0,3717,49,73,3837,860,860,81.69%,18.31%,52.11%,39.47%,470
RESIDENCIAL PAIAGUÁS,Norte,12,4635,2021,1195,131,93,103,7,9,7,2,0,2,1,0,3571,48,72,3787,848,848,81.7%,18.3%,56.59%,33.46%,826
TANCREDO NEVES,Norte,5,1761,755,542,49,25,24,1,2,3,0,0,0,0,0,1401,20,30,1438,323,323,81.66%,18.34%,53.89%,38.69%,213
TRÊS BARRAS,Norte,17,6249,2483,1955,150,112,89,6,6,5,0,0,1,0,0,4807,65,97,5106,1143,1143,81.71%,18.29%,51.65%,40.67%,528
ALTOS DO COXIPÓ,Sul,3,1023,479,260,24,12,21,4,0,0,0,0,0,0,0,800,12,18,825,198,198,80.65%,19.35%,59.88%,32.5%,219
ALTOS DO PARQUE,Sul,1,229,94,82,7,2,2,1,0,0,0,0,0,0,0,188,3,4,185,44,44,80.79%,19.21%,50.0%,43.62%,12
CINTURÃO VERDE,Sul,1,91,40,35,0,1,0,0,1,0,0,0,0,0,0,77,1,2,73,18,18,80.22%,19.78%,51.95%,45.45%,5
COHAB SÃO GONÇALO,Sul,13,4929,2235,1398,109,79,82,6,5,10,0,1,1,0,2,3928,52,91,3974,955,955,80.62%,19.38%,56.9%,35.59%,837
COOPHEMA,Sul,9,3538,1727,812,77,74,89,9,5,4,1,4,0,1,0,2803,40,63,2853,685,685,80.64%,19.36%,61.61%,28.97%,915
COXIPÓ DA PONTE,Sul,8,2484,1306,846,71,53,59,3,2,3,0,1,0,0,0,2344,32,47,2002,482,482,80.6%,19.4%,55.72%,36.09%,460
DISTRITO INDUSTRIAL,Sul,2,720,339,215,24,5,22,2,3,1,0,2,0,0,0,613,8,13,581,139,139,80.69%,19.31%,55.3%,35.07%,124
DISTRITO NOVA ESPERANÇA - PEQUIZEIRO,Sul,2,699,315,199,13,10,8,1,0,1,0,0,0,0,0,547,8,12,563,136,136,80.54%,19.46%,57.59%,36.38%,116
ITAPAJÉ,Sul,7,2769,1350,703,70,76,44,9,7,1,1,0,0,0,0,2261,34,49,2232,537,537,80.61%,19.39%,59.71%,31.09%,647
JARDIM COMODORO,Sul,3,979,519,242,19,20,19,1,1,1,0,0,0,0,0,822,12,18,789,190,190,80.59%,19.41%,63.14%,29.44%,277
JARDIM DOS IPÊS,Sul,6,1804,887,471,51,35,27,1,2,3,0,0,4,0,0,1481,18,30,1455,349,349,80.65%,19.35%,59.89%,31.8%,416
JARDIM FORTALEZA,Sul,9,3106,1111,1134,62,52,44,3,6,3,0,0,0,1,0,2416,36,54,2505,601,601,80.65%,19.35%,45.99%,46.94%,-23
JARDIM INDUSTRIÁRIO I,Sul,9,3079,1597,673,56,48,27,5,2,1,1,1,0,0,0,2411,36,54,2483,596,596,80.64%,19.36%,66.24%,27.91%,924
JARDIM INDUSTRIÁRIO II,Sul,9,3290,1456,919,68,74,48,4,1,10,0,0,0,0,0,2580,36,62,2651,639,639,80.58%,19.42%,56.43%,35.62%,537
JARDIM PASSAREDO,Sul,1,384,147,134,5,1,5,0,1,0,0,0,0,0,0,293,4,7,310,74,74,80.73%,19.27%,50.17%,45.73%,13
JARDIM PRESIDENTE II,Sul,8,2781,1357,624,67,47,80,4,4,3,1,0,2,0,0,2189,29,50,2241,540,540,80.58%,19.42%,61.99%,28.51%,733
NICO BARACAT,Sul,2,604,206,262,6,5,5,0,0,1,0,0,0,0,0,485,6,11,487,117,117,80.63%,19.37%,42.47%,54.02%,-56
NOSSA SENHORA APARECIDA,Sul,8,2831,1521,590,48,50,51,6,5,0,0,0,0,0,0,2271,32,48,2281,550,550,80.57%,19.43%,66.97%,25.98%,931
OSMAR CABRAL,Sul,11,3504,1278,1184,80,65,58,6,6,2,4,3,1,0,0,2687,39,63,2823,681,681,80.57%,19.43%,47.56%,44.06%,94
PARQUE ATALAIA,Sul,9,3527,1538,923,66,77,74,2,7,9,0,1,0,0,0,2697,37,63,2844,683,683,80.64%,19.36%,57.03%,34.22%,615
PARQUE CUIABÁ,Sul,18,7035,3313,1632,200,112,150,13,8,8,5,1,1,0,0,5443,75,126,5671,1364,1364,80.61%,19.39%,60.87%,29.98%,1681
PARQUE GEORGIA,Sul,2,524,252,156,13,9,9,2,0,0,0,0,0,0,0,441,6,10,422,102,102,80.53%,19.47%,57.14%,35.37%,96
PARQUE NOVA ESPERANÇA,Sul,8,2748,1146,785,61,56,34,3,1,4,0,0,1,0,0,2091,32,48,2214,534,534,80.57%,19.43%,54.81%,37.54%,361
PARQUE OHARA,Sul,6,2293,1081,616,61,26,48,5,1,4,0,0,0,0,0,1842,24,42,1848,445,445,80.59%,19.41%,58.69%,33.44%,465
PASCOAL RAMOS,Sul,14,4431,1953,1167,123,83,93,5,2,7,0,1,1,0,0,3435,48,81,3572,859,859,80.61%,19.39%,56.86%,33.97%,786
PEDRA 90,Sul,54,19193,7447,5694,424,279,286,20,19,27,1,1,0,0,2,14200,211,335,15473,3720,3720,80.62%,19.38%,52.44%,40.1%,1753
REAL PARQUE,Sul,14,5217,2341,1336,115,83,98,8,10,6,1,0,0,0,0,3998,56,93,4207,1010,1010,80.64%,19.36%,58.55%,33.42%,1005
RESIDENCIAL COXIPÓ,Sul,15,5783,2432,1667,134,108,92,9,6,12,0,0,0,2,0,4462,67,102,4660,1123,1123,80.58%,19.42%,54.5%,37.36%,765
SANTA LAURA,Sul,12,4416,1697,1434,100,67,56,1,2,2,0,0,0,0,0,3359,48,82,3558,858,858,80.57%,19.43%,50.52%,42.69%,263
SÃO FRANCISCO,Sul,8,2955,1221,913,70,57,38,4,2,7,1,2,1,0,0,2316,32,56,2382,573,573,80.61%,19.39%,52.72%,39.42%,308
SÃO JOÃO DEL REY,Sul,13,4999,1953,1688,120,96,54,4,3,7,1,0,1,0,0,3927,52,91,4030,969,969,80.62%,19.38%,49.73%,42.98%,265
SÃO SEBASTIÃO,Sul,6,2118,863,677,56,62,23,4,1,3,0,0,0,0,0,1689,24,36,1708,410,410,80.64%,19.36%,51.1%,40.08%,186
TIJUCAL,Sul,46,15286,6965,4053,396,315,273,14,14,18,9,6,1,0,0,12064,166,280,12322,2964,2964,80.61%,19.39%,57.73%,33.6%,2912
VISTA ALEGRE,Sul,4,1027,498,267,32,17,22,7,0,1,0,0,0,0,0,844,12,18,829,198,198,80.72%,19.28%,59.0%,31.64%,231
ZONA RURAL,Sul,3,654,228,253,6,26,4,1,0,0,0,0,0,0,0,518,8,12,528,126,126,80.73%,19.27%,44.02%,48.84%,-25