Bairro,Votos 2024,Votos 2026,Qtd Seções,Diferença,Variação (%),Situação,,
TIJUCAL,5458,4000,44,-1458,-26.71%,Perdeu,,
PEDRA 90,6666,5385,50,-1281,-19.22%,Perdeu,,VOTOS A SEREM RECUPERADOS
PORTO,2733,1598,29,-1135,-41.53%,Perdeu,,28612
DOM AQUINO,4621,3513,39,-1108,-23.98%,Perdeu,,
CENTRO,2402,1492,26,-910,-37.89%,Perdeu,,
ILZA TEREZINHA PICOLLI PAGOT,2396,1660,20,-736,-30.72%,Perdeu,,
CPA I - MORADA DA SERRA,3249,2522,31,-727,-22.38%,Perdeu,,
BELA VISTA,4092,3394,40,-698,-17.06%,Perdeu,,
BANDEIRANTES,946,264,8,-682,-72.09%,Perdeu,,
BOA ESPERANÇA,4574,3898,42,-676,-14.78%,Perdeu,,
ARAÉS,2031,1372,22,-659,-32.45%,Perdeu,,
JARDIM IMPERIAL,2618,2013,23,-605,-23.11%,Perdeu,,
QUILOMBO,2380,1856,25,-524,-22.02%,Perdeu,,
JARDIM VITÓRIA,3136,2623,22,-513,-16.36%,Perdeu,,
PASCOAL RAMOS,1530,1041,12,-489,-31.96%,Perdeu,,
DOM AQUINO / CORONEL PONCE,1600,1210,14,-390,-24.38%,Perdeu,,
CIDADE VERDE,1764,1399,16,-365,-20.69%,Perdeu,,
QUINTA DO PARQUE,1404,1065,12,-339,-24.15%,Perdeu,,
CPA III SETOR 05 - MORADA DA SERRA,4528,4196,41,-332,-7.33%,Perdeu,,
PARQUE RESIDENCIAL COXIPÓ,2103,1783,19,-320,-15.22%,Perdeu,,
JARDIM OURO FINO,1847,1530,16,-317,-17.16%,Perdeu,,
SÃO JOÃO DEL REI,1931,1617,17,-314,-16.26%,Perdeu,,
ALTOS DA SERRA,1409,1099,11,-310,-22.00%,Perdeu,,
BAÚ,1632,1328,16,-304,-18.63%,Perdeu,,
MORADA DO OURO,2462,2166,22,-296,-12.02%,Perdeu,,
SANTA ROSA,1639,1347,15,-292,-17.82%,Perdeu,,
JARDIM SHANGRI-LÁ 1,445,158,5,-287,-64.49%,Perdeu,,
JARDIM AROEIRA,1575,1288,14,-287,-18.22%,Perdeu,,
GOIABEIRAS,1714,1434,17,-280,-16.34%,Perdeu,,
JARDIM CUIABÁ,1484,1215,14,-269,-18.13%,Perdeu,,
JARDIM ADRIANO,1451,1184,13,-267,-18.40%,Perdeu,,
OSMAR CABRAL,2296,2031,20,-265,-11.54%,Perdeu,,
JARDIM SANTA AMÁLIA,1850,1586,17,-264,-14.27%,Perdeu,,
JARDIM INDUSTRIÁRIO,2027,1769,17,-258,-12.73%,Perdeu,,
JARDIM LEBLON,1844,1588,16,-256,-13.88%,Perdeu,,
NOVO HORIZONTE,1873,1619,16,-254,-13.56%,Perdeu,,
DUQUE DE CAXIAS,1889,1637,18,-252,-13.34%,Perdeu,,
CPA II - MORADA DA SERRA,2814,2563,26,-251,-8.92%,Perdeu,,
JARDIM KENNEDY,1322,1073,11,-249,-18.84%,Perdeu,,
LIXEIRA,828,591,8,-237,-28.62%,Perdeu,,
CAMPO VELHO,1355,1121,13,-234,-17.27%,Perdeu,,
JARDIM ITÁLIA,1336,1104,12,-232,-17.37%,Perdeu,,
JARDIM DAS PALMEIRAS,1375,1144,12,-231,-16.80%,Perdeu,,
JARDIM PETRÓPOLIS,1678,1449,15,-229,-13.65%,Perdeu,,
PARQUE RESIDENCIAL TROPICAL VILLE,1087,862,9,-225,-20.70%,Perdeu,,
CENTRO SUL,385,163,3,-222,-57.66%,Perdeu,,
PEDREGAL,2234,2026,19,-208,-9.31%,Perdeu,,
JARDIM PRIMAVERA,1832,1630,17,-202,-11.03%,Perdeu,,
TERRA NOVA,1648,1447,15,-201,-12.20%,Perdeu,,
BOSQUE DA SAÚDE,1768,1569,17,-199,-11.26%,Perdeu,,
JARDIM BRASÍLIA,1210,1013,11,-197,-16.28%,Perdeu,,
JARDIM DOS IPÊS,1166,971,11,-195,-16.72%,Perdeu,,
JARDIM OURO VERDE,1051,858,10,-193,-18.36%,Perdeu,,
PARQUE CUIABÁ,3004,2814,27,-190,-6.32%,Perdeu,,
DOUTOR FÁBIO LEITE II,1093,904,9,-189,-17.29%,Perdeu,,
PARQUE DAS NAÇÕES,890,701,8,-189,-21.24%,Perdeu,,
NOVA ESPERANÇA II,1154,965,10,-189,-16.38%,Perdeu,,
JARDIM ELDORADO,1217,1028,11,-189,-15.53%,Perdeu,,
JARDIM PAULISTA,1586,1399,15,-187,-11.79%,Perdeu,,
ALVORADA,1787,1604,18,-183,-10.24%,Perdeu,,
CPA IV,2940,2758,26,-182,-6.19%,Perdeu,,
JARDIM TANGARÁ,1102,925,10,-177,-16.06%,Perdeu,,
CAMPOS ELÍSEOS,1223,1048,11,-175,-14.31%,Perdeu,,
SANTA LAURA,1295,1121,11,-174,-13.44%,Perdeu,,
JARDIM TROPICAL,1018,844,9,-174,-17.09%,Perdeu,,
RESIDENCIAL ITAMARATI,876,707,8,-169,-19.29%,Perdeu,,
JARDIM ADRIANO LEITE DE CAMPOS,771,607,7,-164,-21.27%,Perdeu,,
COOPHAMIL,1750,1596,16,-154,-8.80%,Perdeu,,
SOL NASCENTE,960,812,8,-148,-15.42%,Perdeu,,
BARBADO,247,100,2,-147,-59.51%,Perdeu,,
SANTA INÊS,713,584,6,-129,-18.10%,Perdeu,,
JARDIM UBATÃ,215,87,2,-128,-59.53%,Perdeu,,
VISTA ALEGRE,338,211,3,-127,-37.57%,Perdeu,,
OURO FINO,274,150,2,-124,-45.26%,Perdeu,,
JARDIM POTIGUAR,986,864,9,-122,-12.37%,Perdeu,,
JARDIM SANTA INÊS,911,791,8,-120,-13.17%,Perdeu,,
RESIDENCIAL COXIPÓ,1292,1172,12,-120,-9.29%,Perdeu,,
JARDIM FORTALEZA,882,763,8,-119,-13.49%,Perdeu,,
PARQUE RESIDENCIAL NAÇÕES INDÍGENAS,833,717,7,-116,-13.93%,Perdeu,,
PARQUE ATALAIA,746,631,8,-115,-15.42%,Perdeu,,
CIDADE ALTA,1523,1409,15,-114,-7.49%,Perdeu,,
RIBEIRÃO DO LIPA,1189,1079,11,-110,-9.25%,Perdeu,,
NOVA CONQUISTA,1236,1127,11,-109,-8.82%,Perdeu,,
SENADOR JONAS PINHEIRO,450,346,4,-104,-23.11%,Perdeu,,
NOVO TERCEIRO,845,742,8,-103,-12.19%,Perdeu,,
PLANALTO,1970,1869,16,-101,-5.13%,Perdeu,,
JARDIM PAULO COELHO MACHADO,696,595,6,-101,-14.51%,Perdeu,,
NOVA CUIABÁ,998,898,9,-100,-10.02%,Perdeu,,
PRAEIRO,794,697,8,-97,-12.22%,Perdeu,,
CANJICA,593,497,6,-96,-16.19%,Perdeu,,
NOVA ESPERANÇA,684,591,6,-93,-13.60%,Perdeu,,
BARRANCO ALTO,455,364,4,-91,-20.00%,Perdeu,,
ZONA RURAL,269,180,2,-89,-33.09%,Perdeu,,
POPULAR,1146,1057,11,-89,-7.77%,Perdeu,,
SANTA ISABEL,787,700,7,-87,-11.05%,Perdeu,,
SANTA TEREZINHA,744,660,7,-84,-11.29%,Perdeu,,
NOVO COLORADO,409,328,4,-81,-19.80%,Perdeu,,
JARDIM DAS AMÉRICAS,911,833,9,-78,-8.56%,Perdeu,,
JARDIM FLORIANÓPOLIS,881,809,7,-72,-8.17%,Perdeu,,
PARQUE AMPERCO,315,245,3,-70,-22.22%,Perdeu,,
NOVO PARAÍSO,449,380,4,-69,-15.37%,Perdeu,,
ALTOS DA GLÓRIA,884,820,7,-64,-7.24%,Perdeu,,
SÃO GONÇALO BEIRA RIO,471,414,4,-57,-12.10%,Perdeu,,
JARDIM ITAMARATI,336,281,3,-55,-16.37%,Perdeu,,
ALTOS DO PARQUE,410,356,4,-54,-13.17%,Perdeu,,
CENTRO AMÉRICA,386,333,4,-53,-13.73%,Perdeu,,
POÇÃO,638,588,6,-50,-7.84%,Perdeu,,
NOVA MATO GROSSO,391,341,4,-50,-12.79%,Perdeu,,
DESPRAIADO,414,372,4,-42,-10.14%,Perdeu,,
AGUAÇU,339,302,3,-37,-10.91%,Perdeu,,
COXIPÓ DO OURO (ZONA RURAL),288,268,3,-20,-6.94%,Perdeu,,
DISTRITO NOVA ESPERANÇA - PEQUIZEIRO,213,199,2,-14,-6.57%,Perdeu,,
RIO DOS PEIXES (ZONA RURAL),197,189,2,-8,-4.06%,Perdeu,,
NOSSA SENHORA DA GUIA (DISTRITO),1080,1076,10,-4,-0.37%,Perdeu,,
ALTOS DO COXIPÓ,263,260,3,-3,-1.14%,Perdeu,,
MORADA DA SERRA,26,25,1,-1,-3.85%,Perdeu,,
PARQUE GEORGIA,124,128,1,4,3.23%,Ganhou,,
JARDIM PASSAREDO,111,134,1,23,20.72%,Ganhou,,
DISTRITO INDUSTRIAL,49,111,1,62,126.53%,Ganhou,,
COXIPÓ DA PONTE,673,846,8,173,25.71%,Ganhou,,