Feira,Dia da semana,Situação PT/13 (2024 x 2026)
Santa Terezinha,Quarta,Perdeu Voto
Primeiro de Março,Sábado,Perdeu Voto
Distrito da Guia,Sábado,Perdeu Voto
Jardim das Palmeiras,Quarta,Perdeu Voto
Pedra 90,Domingo,Perdeu Voto
Praeiro,Sábado,Perdeu Voto
Ribeirão do Lipa,Quinta,Perdeu Voto
Boa Morte,Quinta,Perdeu Voto
Despraiado,Sábado,Perdeu Voto
Altos da Serra,Sábado,Perdeu Voto
Alvorada,Quinta,Perdeu Voto
Araés,Sexta,Perdeu Voto
Bela Vista,Quarta,Perdeu Voto
CPA II - MORADA DA SERRA,Domingo,Perdeu Voto
CPA III SETOR 05 - MORADA DA SERRA,Quarta,Perdeu Voto
CPA III SETOR 03 - MORADA DA SERRA,Sexta,Perdeu Voto
Coophema,Terça,Perdeu Voto
Dr Fábio,Terça,Perdeu Voto
Duque de Caxias,Sábado,Perdeu Voto
Grande Terceiro,Quarta,Perdeu Voto
Imperial,Sexta,Perdeu Voto
Jd. Florianópolis,Quinta,Perdeu Voto
Jd. Vitória,Sexta,Perdeu Voto
Morada do Ouro,Sexta,Perdeu Voto
Osmar Cabral,Quinta,Perdeu Voto
Osmar Cabral,Domingo,Perdeu Voto
Paiaguais,Sábado,Perdeu Voto
Pascoal Ramos,Sábado,Perdeu Voto
Pedregal,Domingo,Perdeu Voto
Poção,Quarta,Perdeu Voto
Pq. Cuiabá,Sexta,Perdeu Voto
Renascer,Quinta,Perdeu Voto
Res. Santa Inês,Terça,Perdeu Voto
Santa Terezinha,Quarta e Sábado,Perdeu Voto
Sol Nascente,Sábado,Perdeu Voto
Terra Nova,Sábado,Perdeu Voto
Tijucal - Setor 1,Quinta,Perdeu Voto
Tijucal,Sábado,Perdeu Voto
Tres Barras,Sábado,Perdeu Voto